{"order":4,"dim":2,"numPoints":318,"knots":[0.0,0.0,0.0,0.0,0.0031830988356248645,0.006366197671249729,0.009549296506874591,0.012732395342499458,0.01591549417812432,0.019098593013749186,0.022281691849374053,0.025464790684998916,0.028647889520623776,0.03183098835624864,0.0350140871918735,0.03819718602749837,0.041380284863123236,0.044563383698748106,0.047746482534372955,0.050929581369997826,0.054112680205622696,0.05729577904124755,0.06047887787687242,0.06366197671249729,0.06684507554812215,0.07002817438374702,0.07321127321937189,0.07639437205499675,0.07957747089062162,0.08276056972624649,0.08594366856187134,0.08912676739749623,0.09230986623312108,0.09549296506874595,0.09867606390437082,0.1018591627399957,0.10504226157562056,0.10822536041124543,0.1114084592468703,0.11459155808249515,0.11777465691812002,0.12095775575374489,0.12414085458936976,0.1273239534249946,0.13050705226061948,0.13369015109624433,0.1368732499318692,0.14005634876749407,0.14323944760311896,0.1464225464387438,0.14960564527436868,0.15278874410999352,0.1559718429456184,0.15915494178124323,0.16233804061686813,0.16552113945249297,0.16870423828811784,0.17188733712374268,0.17507043595936755,0.17825353479499242,0.18143663363061727,0.1846197324662421,0.18780283130186695,0.19098593013749182,0.1941690289731167,0.19735212780874153,0.2005352266443664,0.20371832547999127,0.20690142431561612,0.210084523151241,0.21326762198686583,0.2164507208224907,0.21963381965811557,0.2228169184937404,0.22600001732936525,0.2291831161649901,0.23236621500061497,0.23554931383623984,0.23873241267186468,0.24191551150748955,0.24509861034311442,0.24828170917873926,0.2514648080143641,0.254647906849989,0.25783100568561385,0.2610141045212387,0.2641972033568636,0.2673803021924884,0.27056340102811327,0.2737464998637381,0.27692959869936296,0.28011269753498785,0.2832957963706127,0.28647889520623754,0.28966199404186244,0.2928450928774873,0.2960281917131121,0.299211290548737,0.30239438938436186,0.3055774882199867,0.30876058705561155,0.3119436858912364,0.3151267847268613,0.31830988356248613,0.321492982398111,0.32467608123373587,0.3278591800693607,0.3310422789049856,0.33422537774061045,0.3374084765762353,0.3405915754118602,0.34377467424748503,0.3469577730831099,0.3501408719187348,0.3533239707543596,0.35650706958998446,0.35969016842560936,0.3628732672612342,0.36605636609685904,0.36923946493248383,0.3724225637681087,0.37560566260373357,0.3787887614393584,0.3819718602749833,0.38515495911060815,0.388338057946233,0.3915211567818579,0.39470425561748274,0.3978873544531076,0.4010704532887325,0.4042535521243573,0.40743665095998216,0.41061974979560706,0.4138028486312319,0.41698594746685674,0.4201690463024816,0.4233521451381065,0.4265352439737313,0.42971834280935617,0.43290144164498107,0.4360845404806059,0.43926763931623075,0.44245073815185565,0.4456338369874805,0.4488169358231053,0.4520000346587301,0.455183133494355,0.45836623232997986,0.4615493311656047,0.4647324300012296,0.46791552883685444,0.4710986276724793,0.4742817265081042,0.477464825343729,0.48064792417935387,0.48383102301497877,0.4870141218506036,0.49019722068622845,0.49338031952185335,0.4965634183574782,0.49974651719310303,0.5029296160287279,0.5061127148643527,0.5092958136999777,0.5124789125356025,0.5156620113712274,0.5188451102068522,0.522028209042477,0.5252113078781019,0.5283944067137268,0.5315775055493516,0.5347606043849764,0.5379437032206013,0.5411268020562262,0.544309900891851,0.5474929997274759,0.5506760985631007,0.5538591973987256,0.5570422962343504,0.5602253950699753,0.5634084939056002,0.5665915927412251,0.5697746915768499,0.5729577904124747,0.5761408892480996,0.5793239880837244,0.5825070869193494,0.5856901857549742,0.5888732845905991,0.5920563834262239,0.5952394822618488,0.5984225810974736,0.6016056799330985,0.6047887787687234,0.6079718776043482,0.611154976439973,0.6143380752755979,0.6175211741112228,0.6207042729468476,0.6238873717824724,0.6270704706180973,0.6302535694537221,0.6334366682893471,0.6366197671249719,0.6398028659605969,0.6429859647962217,0.6461690636318468,0.6493521624674716,0.6525352613030965,0.6557183601387214,0.6589014589743462,0.6620845578099711,0.665267656645596,0.6684507554812209,0.6716338543168457,0.6748169531524708,0.6780000519880957,0.6811831508237206,0.6843662496593454,0.6875493484949705,0.6907324473305954,0.6939155461662203,0.6970986450018453,0.7002817438374702,0.7034648426730951,0.7066479415087201,0.709831040344345,0.7130141391799699,0.7161972380155948,0.7193803368512198,0.7225634356868447,0.7257465345224696,0.7289296333580946,0.7321127321937195,0.7352958310293444,0.7384789298649692,0.7416620287005943,0.7448451275362191,0.7480282263718441,0.751211325207469,0.754394424043094,0.7575775228787188,0.7607606217143439,0.7639437205499687,0.7671268193855937,0.7703099182212185,0.7734930170568436,0.7766761158924684,0.7798592147280934,0.7830423135637183,0.7862254123993433,0.7894085112349681,0.7925916100705932,0.795774708906218,0.798957807741843,0.8021409065774678,0.8053240054130929,0.8085071042487177,0.8116902030843427,0.8148733019199675,0.8180564007555925,0.8212394995912174,0.8244225984268423,0.8276056972624674,0.8307887960980922,0.8339718949337172,0.837154993769342,0.8403380926049671,0.8435211914405918,0.8467042902762167,0.8498873891118416,0.8530704879474666,0.8562535867830915,0.8594366856187164,0.8626197844543414,0.8658028832899664,0.8689859821255912,0.8721690809612163,0.8753521797968411,0.878535278632466,0.8817183774680909,0.884901476303716,0.8880845751393408,0.8912676739749658,0.8944507728105906,0.8976338716462153,0.9008169704818404,0.9040000693174652,0.9071831681530902,0.9103662669887149,0.91354936582434,0.9167324646599648,0.9199155634955898,0.9230986623312146,0.9262817611668397,0.9294648600024645,0.9326479588380895,0.9358310576737144,0.9390141565093394,0.9421972553449642,0.9453803541805893,0.9485634530162141,0.9517465518518391,0.9549296506874639,0.958112749523089,0.9612958483587138,0.9644789471943388,0.9676620460299638,0.9708451448655887,0.9740282437012135,0.9772113425368386,0.9803944413724635,0.9835775402080883,0.9867606390437133,0.9899437378793382,0.9931268367149632,0.996309935550588,0.9994930343862131,1.0,1.0,1.0,1.0],