{"order":4,"dim":2,"numPoints":318,"knots":[0.0,0.0,0.0,0.0,0.002064623641717223,0.0041317217804164395,0.006203756100849858,0.008283162897511055,0.010372340954580781,0.012473640087603174,0.014589350522607318,0.01672169325443602,0.018872811488586532,0.02104476323235709,0.023239515063786527,0.025458937072657162,0.02770479893810319,0.02997876708300317,0.032282402826703874,0.03461716144465935,0.03698439203586447,0.039385338095878644,0.04182113869399708,0.04429283015691803,0.04680134816727849,0.0493475301929642,0.051932118171516245,0.054555761382742415,0.05721901945139428,0.05992236543019308,0.06266618892137207,0.06545079920212188,0.06827642832580742,0.07114323417655455,0.0740513034597882,0.07700065461558635,0.07999124064534167,0.08302295184526143,0.08609561844274585,0.0892090131337353,0.0923628535207631,0.09555680445275498,0.0987904802686306,0.10206344694752834,0.10537522416904224,0.1087252872872552,0.11211306922261517,0.11553796227585085,0.11899931986818656,0.12249645821211039,0.12602865791688908,0.12959516553292344,0.13319519503890806,0.13682792927560655,0.14049252132988932,0.1441880958725039,0.1479137504528711,0.1516685567540189,0.15545156181058886,0.15926178919267497,0.1630982401580878,0.1669598947754731,0.17084571302056115,0.17475463584767462,0.1786855862384868,0.18263747022988877,0.18660917792270545,0.19059958447288414,0.19460755106667538,0.1986319258812277,0.20267154503192794,0.20672523350773586,0.21079180609568673,0.21487006829566624,0.21895881722650057,0.22305684252434824,0.2271629272343303,0.23127584869629172,0.23539437942554953,0.2395172879894478,0.24364333988051529,0.24777129838699619,0.2518999254615097,0.25602798258857923,0.2601542316517669,0.2642774358011445,0.2683963603218359,0.27250977350437144,0.27661644751760833,0.28071515928498636,0.2848046913649122,0.288883832836091,0.2929513801886568,0.2970061382219925,0.3010469209501712,0.30507255251600224,0.30908186811471927,0.3130737149284107,0.31704695307235864,0.3210004565545311,0.32493311424954985,0.32884383088855074,0.3327315280664448,0.33659514526819906,0.34043364091586426,0.3442459934382001,0.34803120236487817,0.3517882894473794,0.35551629980885024,0.3592143031253347,0.3628813948409607,0.3665166974198281,0.3701193616375189,0.3736885679153272,0.37722352770048767,0.38072348489585867,0.3841877173426932,0.38761553836029644,0.39100629834652206,0.3943593864431908,0.3976742322706205,0.40095030773551593,0.4041871289164818,0.4073842580313625,0.41054130549047196,0.4136579320395215,0.4167338509956738,0.41976883057959485,0.4227626963456296,0.42571533371123205,0.42862669058550384,0.43149678009507525,0.43432568340354855,0.4371135526182538,0.4398606137750699,0.44256716988848843,0.4452336040498677,0.4478603825518994,0.45044805801164006,0.452997272458037,0.45550876034271837,0.45798335142497854,0.4604219734735066,0.4628256547186689,0.4651955259803602,0.46753282238797406,0.4698388846014188,0.47211515943593557,0.47436319978947766,0.4765846637703765,0.4787813129257693,0.4809550094785721,0.48310771249331047,0.4852414729092887,0.48735842740349833,0.4894607910749861,0.4915508489763113,0.4936309465548426,0.49570347910514,0.4977708803712964,0.4998356104724357,0.5019001433531601,0.5039669539814607,0.5060385055278379,0.5081172367602208,0.5102055498796569,0.5123057990024402,0.5144202794668733,0.5165512181092901,0.518700764616697,0.5208709840248755,0.5230638503933164,0.5252812416538264,0.5275249355995335,0.5297966069561972,0.5320978254586473,0.5344300548417636,0.5367946526473151,0.5391928707445431,0.5416258564628688,0.5440946542386734,0.5466002076839871,0.5491433619923448,0.5517248666054475,0.5543453780730305,0.5570054630471128,0.5597056013602582,0.5624461891454091,0.5652275419621331,0.5680498979006603,0.5709134206408835,0.5738182024485294,0.5767642670950524,0.5797515726914722,0.5827800144294685,0.5858494272255871,0.5889595882665031,0.5921102194549565,0.5953009897573134,0.5985315174547331,0.6018013723007105,0.605110077588345,0.6084571121310923,0.6118419121610311,0.615263873148831,0.6187223515496798,0.6222166664794277,0.6257461013251461,0.6293099052942068,0.632907294905855,0.6365374554290981,0.640199542270577,0.6438926823158956,0.6476159752277242,0.6513684947037973,0.6551492896977573,0.6589573856056166,0.6627917854204459,0.6666514708577277,0.6705354034536655,0.6744425256385871,0.6783717617874452,0.682322019249282,0.6862921893574104,0.6902811484219399,0.6942877587061805,0.6983108693883474,0.7023493175099117,0.7064019289118451,0.7104675191599458,0.7145448944603474,0.718632852566265,0.7227301836769638,0.726835671329896,0.7309480932868962,0.7350662224152997,0.739188827564801,0.7433146744408531,0.7474425264753815,0.7515711456955626,0.7556992935914189,0.7598257319829554,0.7639492238875794,0.7680685343885283,0.7721824315050544,0.7762896870651106,0.7803890775813144,0.7844793851309714,0.7885593982409844,0.792627912778488,0.7966837328481037,0.8007256716967377,0.8047525526269064,0.8087632099196147,0.8127564897678916,0.8167312512221345,0.8206863671485077,0.8246207252017062,0.8285332288134968,0.8324227981985357,0.8362883713790729,0.8401289052302614,0.8439433765479122,0.8477307831406653,0.8514901449486784,0.8552205051910927,0.8589209315446722,0.8625905173561893,0.8662283828912842,0.86983367662271,0.8734055765610419,0.876943291631119,0.8804460630976576,0.8839131660436589,0.8873439109053921,0.890737645067899,0.8940937545250894,0.8974116656086136,0.9006908467897523,0.9039308105585948,0.9071311153847095,0.9102913677633919,0.913411224351317,0.9164903941950642,0.919528641055435,0.9225257858297591,0.9254817090734071,0.9283963536204769,0.9312697273020335,0.9341019057582941,0.9368930353387277,0.9396433360810776,0.9423531047567951,0.9450227179661911,0.9476526352617499,0.9502434022724336,0.9527956537954477,0.955310116814832,0.9577876133984572,0.9602290634166543,0.9626354870169954,0.9650080067809297,0.9673478494794787,0.9696563473374799,0.9719349387095552,0.9741851680667849,0.9764086851917683,0.978607243482166,0.9807826972697471,0.982936998074047,0.9850721897274638,0.9871904023320787,0.9892938450374072,0.9913847976618708,0.9934656012177031,0.9955386474374754,0.9976063674382044,0.9996712196936871,1.0,1.0,1.0,1.0],