{"order":4,"dim":2,"numPoints":200,"knots":[0.0,0.0,0.0,0.0,0.0006106401540462863,0.0010852384112985736,0.0016270560303335985,0.0022548193119819363,0.002979782798287914,0.003804390572492326,0.0047320514997767,0.012030930488109657,0.019131391849356076,0.026176221111883433,0.03317531172288346,0.040131279480357045,0.047042681097560095,0.053908861357994206,0.06073142560227835,0.06750918042712441,0.07424401942589143,0.080933964663877,0.08758021883799497,0.09418341954822093,0.10074163725958644,0.10725832086036498,0.11373179145970104,0.12016084435421732,0.12654800072919728,0.13289325404110058,0.1391956764499413,0.14545539178079894,0.151672295020537,0.157848111787467,0.16398254845501417,0.17007358386695567,0.17612577488212275,0.1821356722322573,0.18810553574214517,0.19403380774798046,0.19992321070156435,0.20577144963739766,0.2115811762073397,0.2173520096407902,0.2230834664228642,0.22877725817354486,0.23443327122153812,0.24005182099882102,0.24563221618391876,0.2511776151827369,0.25668669708980363,0.2621615610654651,0.2676021041237724,0.2730091928886967,0.27838256455850613,0.28372614862917256,0.2890139320450149,0.294191058998896,0.298303368139408,0.3024002584882736,0.3064905815043955,0.3105714430809126,0.31464479545355606,0.3187135453937704,0.3227826367776941,0.32685083821021516,0.3309190322356612,0.33499205958536604,0.33907173364681903,0.3431633383820534,0.34726301288275674,0.3513780561941556,0.3555089895049677,0.35966107824452737,0.36383771187586916,0.3680424342080573,0.3722793332776192,0.3765529722776128,0.3808702143202696,0.3852354616414791,0.3896570857237837,0.3941410214416887,0.39869568583751813,0.4033322371938902,0.40805398914381313,0.4128779735628107,0.4178143253653383,0.4228722711868198,0.4280674390483932,0.43341476267766904,0.43892826708812055,0.4446250466787756,0.450518188429003,0.45663220789783876,0.46298297808865513,0.46958965817569903,0.4707597945464185,0.47187955031289874,0.4729494725907651,0.4739622822664306,0.474937263653129,0.4758984403203383,0.4768773295129285,0.47790623654524056,0.47900357101482643,0.4801685130298361,0.4813947860043353,0.48265732098117337,0.4839308103687731,0.48518419688592107,0.49206776689820486,0.49875754757444113,0.5052641513462445,0.5116061028403841,0.5177921759529628,0.5238373976366136,0.5297520463442242,0.5355441805876364,0.5412261057581014,0.5468058128866946,0.5522889534483868,0.5576884237073348,0.5630071651875753,0.5682538989882839,0.5734373321000223,0.5785629338391863,0.5836304685557057,0.5886536096967226,0.593633244565622,0.5985765622403862,0.6034872890009494,0.6083693263746107,0.6132298035493965,0.6180691496520339,0.622894519632341,0.6277062815432359,0.6325097947143008,0.6373069191768211,0.6421047971951379,0.6468999615152219,0.6516978042585587,0.6565035833365411,0.661315168097946,0.6661377157624185,0.6709714548334582,0.6758175880486085,0.6806796267228898,0.6855580834990893,0.6916472435028858,0.6976833563086815,0.7037205589952648,0.7097841317066843,0.7158790790145684,0.7219989786777746,0.728149768338091,0.7343290442293573,0.7405372335823455,0.7467747265775918,0.7530429690431893,0.7593393778830014,0.7656637622099293,0.7720177464938208,0.7784002446991503,0.7848119470460749,0.7912507879786334,0.7977176365282969,0.8042123170557296,0.8107352063880705,0.8172836065432734,0.8238601900937005,0.8304619944729421,0.8370899897180966,0.8437420637299966,0.8504206723779081,0.8571250882797172,0.8638520842485826,0.8706044899821629,0.8773805742149046,0.8841806498501585,0.8910027589128622,0.8978488766650353,0.9047175690013318,0.9116076552796222,0.9185205428845474,0.9254551360639182,0.9324108888236914,0.9393883384042617,0.9463878902381302,0.9534071920544018,0.9604478247965039,0.9675092744168735,0.9745906199271729,0.9816936421596453,0.9888183575853156,0.9960392610155536,0.996940875231048,0.9977377643049375,0.9984341055851906,0.9990353539447767,0.9995486450647233,1.0,1.0,1.0,1.0],"coeffs":[[69.2014,-10.5826],[69.21312318407507,-10.587220373567241],[69.23386347993669,-10.591428492645885],[69.2656053903153,-10.584686751877042],[69.29549989359093,-10.57293811255051],[69.32815596220127,-10.555232145154056],[69.36358980510389,-10.531590649057254],[69.40194531324678,-10.501971584435884],[69.53626159512557,-10.386666836750388],[69.73225849928585,-10.157520106758865],[69.98216035012044,-9.821537492017324],[70.23326314011351,-9.49300537989814],[70.48380093654126,-9.167819402844348],[70.73503297730252,-8.84641365533303],[70.9866283827041,-8.528616730713743],[71.23852337278274,-8.214388066026078],[71.49082423835253,-7.9038455386463085],[71.74342733985813,-7.596866618801482],[71.99640090385807,-7.293560977912332],[72.24972943835641,-6.993910885709697],[72.50329249661863,-6.6978386122547064],[72.75731930227803,-6.405568085438301],[73.01148897494103,-6.116787398326684],[73.26620884062264,-5.831884216440088],[73.52119450381835,-5.550619294885121],[73.7763933855058,-5.272976805474081],[74.031989343916,-4.999118042440784],[74.28798559823011,-4.729034573472524],[74.54427767919802,-4.462678680288018],[74.80086957618056,-4.200108341769391],[75.05778324507057,-3.9413290715457805],[75.31505554905092,-3.686372737017511],[75.57277655496398,-3.4353858088731917],[75.83064003596947,-3.1880218656857533],[76.08919409816846,-2.9449211099745867],[76.34782458732343,-2.70537451987368],[76.60706077900335,-2.470071627241259],[76.86655477415071,-2.238578053218449],[77.12652098818893,-2.011208644604855],[77.38695916140765,-1.7879252496778446],[77.64783106781897,-1.5687336663635953],[77.90925238846721,-1.353775539185077],[78.17101961716614,-1.1428309754448753],[78.43345711960802,-0.9363311062290984],[78.69631303357507,-0.7339621709544011],[78.95982779050829,-0.5361214553654948],[79.22384483515178,-0.3425871786530051],[79.48853309950454,-0.15363038240795793],[79.75385381653945,0.030846856716207724],[80.01985088786452,0.2107136546500199],[80.28653382506079,0.3859594700724788],[80.5540528485993,0.5562595993238836],[80.8222979817438,0.7218342830864858],[81.09097291319657,0.8822026912730934],[81.35865100877479,1.036709313962831],[81.60861921059316,1.17361238493848],[81.8401214019612,1.2956533314694554],[82.05349686953166,1.4065089419968997],[82.26745897252874,1.5148781432766716],[82.48206315434604,1.6209360830815225],[82.6975175428478,1.724286783705329],[82.91397087984681,1.824987060402117],[83.1317439826359,1.9225593144614184],[83.35094763483838,2.0168493920208332],[83.57173596369805,2.1075717635924134],[83.79424330754014,2.194617032985993],[84.01884795486293,2.277438286946466],[84.2455734100732,2.3558757382468705],[84.4746124004843,2.4295767602291867],[84.70603448355853,2.4981748937551225],[84.94002919283669,2.561470035984824],[85.17681974324091,2.618717114747304],[85.41650653085094,2.669737518416934],[85.6592134428772,2.71405125750191],[85.90503362767008,2.7512486411834356],[86.15410344636804,2.7808621476684157],[86.40653783575176,2.8022309918163835],[86.66245063880311,2.815042570628906],[86.92192697537556,2.81860872601262],[87.18505394594732,2.8121583628035527],[87.4519440394253,2.7954473771712385],[87.72257610143096,2.767550828830467],[87.99709610287556,2.7281146281811464],[88.27545214633228,2.6759464202561225],[88.55783147086512,2.610875257964844],[88.84407971294621,2.531532302986484],[89.13436052439677,2.4376686298892083],[89.4285439301443,2.3279304678996553],[89.72689236739808,2.202083459204495],[90.02883177444234,2.058234221284069],[90.33526969666835,1.8970323310699633],[90.64321175961683,1.7124624079331086],[90.96413775823976,1.523118057238086],[91.16950271275971,1.3289881210099077],[91.3322242472581,1.2646686007634143],[91.39735281914898,1.2531649089378551],[91.46044496388875,1.255206910513878],[91.51862575451581,1.2714911791569765],[91.56876258384537,1.3014677030342972],[91.6076515799101,1.3442920736853305],[91.63282487977384,1.3974361491384477],[91.64353243860255,1.457891673089219],[91.63837944045048,1.5226344067318474],[91.6185948131243,1.5883466029641538],[91.58536663070873,1.652075983216795],[91.53996528598091,1.7102669238314305],[91.48581149195257,